Trial Number,AUC,Acc,MCC,Sn,Sp,CM
1 th,0.8665016501650166,0.8665028665028665,0.7329954332930877,0.8666666666666667,0.8663366336633663,"[[525, 81], [82, 533]]"
2 th,0.8560201557293037,0.8558558558558559,0.7130396936440603,0.8846787479406919,0.8273615635179153,"[[508, 106], [70, 537]]"
3 th,0.8631328689342794,0.8632268632268633,0.7264587487292474,0.8719611021069692,0.8543046357615894,"[[516, 88], [79, 538]]"
4 th,0.8304718439099777,0.8304668304668305,0.6609436878199556,0.8325123152709359,0.8284313725490197,"[[507, 105], [102, 507]]"
5 th,0.8504049355381317,0.8509418509418509,0.7013471711971739,0.8643533123028391,0.8364565587734242,"[[491, 96], [86, 548]]"
Mean,0.853¡À0.014,0.853¡À0.014,0.707¡À0.028,0.864¡À0.019,0.843¡À0.017,"[[509, 95], [83, 532]]"
