Trial Number,AUC,Acc,MCC,Sn,Sp,CM
1 th,0.9738549464702567,0.9180999180999181,0.8366794073382997,0.9024390243902439,0.933993399339934,"[[566, 40], [60, 555]]"
2 th,0.9703727951317153,0.9262899262899262,0.8525768136238238,0.9242174629324547,0.9283387622149837,"[[570, 44], [46, 561]]"
3 th,0.9720206725557332,0.9148239148239148,0.8298244579446922,0.9059967585089141,0.9238410596026491,"[[558, 46], [58, 559]]"
4 th,0.969249385577986,0.9058149058149059,0.8126537980431924,0.8801313628899836,0.9313725490196079,"[[570, 42], [73, 536]]"
5 th,0.9741427028305183,0.9246519246519247,0.8498416796659185,0.9100946372239748,0.9403747870528109,"[[552, 35], [57, 577]]"
Mean,0.972¡À0.002,0.918¡À0.008,0.836¡À0.016,0.905¡À0.016,0.932¡À0.006,"[[563, 41], [58, 557]]"
